{
    "alpha": 0.2437499999999999,
    "beta": 0.8312499999999997,
    "Contourpoints": 50,
    "max_iterations": 500
}