{
    "alpha": 0.4937499999999999,
    "beta": 0.48749999999999993,
    "Contourpoints": 50,
    "max_iterations": 500
}