{
    "alpha": 0.3437499999999999,
    "beta": 0.4999999999999999,
    "Contourpoints": 50,
    "max_iterations": 100
}