{
    "alpha": 0.5562499999999998,
    "beta": 0.6062499999999998,
    "Contourpoints": 50,
    "max_iterations": 500
}