{
    "alpha": 0.3437499999999999,
    "beta": 0.41249999999999987,
    "Contourpoints": 50,
    "max_iterations": 500
}